4076236,5,Jaxbean,13539.11,,'2018-06-24 19:39:55'
9102689,5,Voomm,,4684,'2018-06-28 04:33:30'
8787468,9,Zoozzy,,3387,'2018-06-02 01:12:04'
7659242,12,Zoomlounge,,847,'2018-06-21 17:18:07'
9189217,15,Tanoodle,,4114,'2018-06-25 23:19:37'
4680869,17,Dynava,,4775,'2018-06-17 17:20:25'
5353858,18,Voolia,18153.74,,'2018-06-17 21:40:45'
5632998,20,Voomm,,4322,'2018-06-19 14:26:10'
4142313,23,Eare,,1717,'2018-06-18 10:09:22'
8054625,28,Bubblemix,9940.17,,'2018-06-18 07:48:35'
8443983,42,Photospace,,677,'2018-06-01 12:06:06'
3292728,46,Skyndu,,4046,'2018-06-02 17:15:39'
7843045,47,Yombu,,4224,'2018-06-02 06:16:37'
7991822,51,Browsebug,21104.64,,'2018-06-23 19:41:15'
8655620,51,JumpXS,,627,'2018-06-25 11:20:41'
5925615,55,Skipfire,6594.09,,'2018-06-10 00:25:50'
7083278,55,Feednation,,1149,'2018-06-03 12:02:13'
1537565,55,Voonix,,953,'2018-06-20 14:40:29'
5801604,60,Babbleblab,2818.65,,'2018-06-29 07:29:01'
9637407,61,Voonte,,4653,'2018-06-01 03:17:14'
5899764,68,Twitterworks,20586.49,,'2018-06-27 19:58:57'
9371943,69,Zoombox,3447.01,,'2018-06-14 18:16:13'
7885027,69,Quinu,,2222,'2018-06-29 10:32:15'
2007449,72,Tagcat,,629,'2018-06-16 18:40:55'
9603287,72,Blognation,,2640,'2018-06-17 05:47:31'
4743011,72,Twitterbeat,,738,'2018-06-23 09:32:01'
7593458,77,Skibox,,3961,'2018-06-07 15:30:42'
1905548,77,Blogpad,,2840,'2018-06-13 21:24:41'
3229824,78,Jayo,,2274,'2018-06-14 20:24:22'
9889906,79,Npath,,2297,'2018-06-12 15:39:19'
4354298,80,Realblab,,1886,'2018-06-24 16:50:50'
2155908,82,Edgeclub,,2251,'2018-06-19 12:33:07'
8998465,91,Dynava,,846,'2018-06-07 15:52:07'
9951796,92,Flashspan,,1455,'2018-06-11 04:12:16'
2103095,94,Edgeclub,,4733,'2018-06-05 04:26:33'
3350665,95,Eamia,,4049,'2018-06-29 12:05:38'
7704195,95,Dabfeed,,2770,'2018-06-13 01:29:07'
3785873,95,Blogtag,,2686,'2018-06-07 20:11:57'
9507019,95,Youbridge,811.42,,'2018-06-15 09:48:20'
3069371,98,Tekfly,,4635,'2018-06-13 03:30:32'
9531014,98,Kanoodle,,2056,'2018-06-24 14:45:50'
1029822,98,Yodo,15161.22,,'2018-06-14 03:48:38'
6805232,108,Gevee,,2216,'2018-06-19 17:10:26'
4682199,108,Quaxo,2640.87,,'2018-06-13 19:46:02'
1129052,108,Skinder,21802.08,,'2018-06-24 05:40:13'
2090609,111,Roodel,,2306,'2018-06-26 15:33:26'
5089652,111,Flashdog,,3202,'2018-06-27 09:48:29'
4914543,111,Eimbee,,1576,'2018-06-24 05:13:35'
2147923,127,Centidel,,1295,'2018-06-09 09:50:18'
3685233,127,Demivee,18742.72,,'2018-06-02 15:09:20'
5692146,128,Dazzlesphere,,1029,'2018-06-05 11:09:03'
3834275,128,Agivu,,3077,'2018-06-17 11:02:52'
8140664,128,Yabox,,26,'2018-06-15 19:08:13'
4695740,128,Mudo,,127,'2018-06-03 08:51:49'
7331599,130,JumpXS,,690,'2018-06-11 01:32:57'
3656238,131,Bluezoom,,1119,'2018-06-24 03:46:15'
8020453,139,Jayo,,2033,'2018-06-14 18:41:43'
5914442,139,Edgetag,,3844,'2018-06-22 22:51:50'
5800980,152,Trupe,10815.87,,'2018-06-05 21:43:54'
2660489,154,Kazio,12850.14,,'2018-06-22 22:35:13'
6327553,158,Riffwire,,1208,'2018-06-21 05:28:28'
5359653,158,Rooxo,,1003,'2018-06-16 00:23:23'
6965322,162,Katz,18966.09,,'2018-06-29 04:29:46'
9808339,166,Topicware,,3220,'2018-06-29 14:27:50'
7933857,166,Rhynoodle,,851,'2018-06-09 10:12:52'
3047962,170,Trilith,,1208,'2018-06-12 13:48:34'
4821469,171,Voomm,,69,'2018-06-28 21:05:34'
7652573,175,Zoonder,,4182,'2018-06-16 01:43:48'
3667900,175,Devify,,4278,'2018-06-20 03:56:48'
4273112,175,Npath,,1777,'2018-06-18 21:16:17'
9745967,180,Zoomdog,,2457,'2018-06-12 02:43:01'
5832733,180,Vinder,,4507,'2018-06-10 03:19:03'
1941294,180,Skipfire,4991.21,,'2018-06-02 19:54:37'
7343456,188,Meemm,,445,'2018-06-13 18:27:21'
5090872,188,Yacero,2742.5,,'2018-06-11 23:54:21'
4053395,189,Youopia,,4906,'2018-06-26 00:08:24'
2387732,189,Gabvine,,4755,'2018-06-26 09:46:44'
1753822,193,Eare,,3861,'2018-06-11 17:42:47'
9104846,195,Skilith,5221.01,,'2018-06-27 23:01:02'
4097888,198,Photobean,,3334,'2018-06-16 10:46:23'
1981532,199,Fivebridge,,227,'2018-06-23 19:16:45'
8454187,201,Twinte,,963,'2018-06-05 02:51:34'
8134689,209,Youopia,,3662,'2018-06-04 05:40:25'
4961234,210,Zooxo,10412.82,,'2018-06-24 14:22:12'
8670698,210,Devpulse,6350.67,,'2018-06-29 11:05:03'
2661920,212,Meevee,7913.57,,'2018-06-13 20:12:49'
8220035,212,Rhynyx,,2465,'2018-06-16 09:03:22'
7337533,227,Voolia,,2552,'2018-06-21 14:22:38'
3627510,229,Rhycero,,1359,'2018-06-13 05:43:11'
5039489,237,Quatz,,4238,'2018-06-29 04:59:21'
7210055,237,Demivee,,1374,'2018-06-10 18:25:25'
4782165,243,Browseblab,569.96,,'2018-06-17 09:47:18'
5012651,249,Brightdog,,175,'2018-06-10 00:04:18'
1292861,251,Gigazoom,,654,'2018-06-28 01:15:36'
9218941,262,Yakijo,12083.72,,'2018-06-26 12:14:25'
9063776,262,Mydeo,,3477,'2018-06-12 04:04:15'
4454763,265,Abata,,836,'2018-06-02 13:33:20'
1380090,266,Skimia,16690.82,,'2018-06-09 06:54:12'
3970588,271,Blogtags,,3627,'2018-06-26 06:55:47'
8206317,273,Chatterpoint,,3495,'2018-06-11 21:01:19'
9132938,280,Rhyzio,598.67,,'2018-06-27 09:36:13'
5737969,282,Flashspan,,4554,'2018-06-03 02:37:51'
5340013,282,Feedspan,,3858,'2018-06-27 02:18:01'
1190861,283,Photobug,,876,'2018-06-27 23:47:05'
2371891,285,Linkbuzz,22222.4,,'2018-06-20 20:18:02'
4555395,295,Gabtype,9697.22,,'2018-06-01 03:40:59'
4252844,296,Mydeo,,3488,'2018-06-25 17:36:05'
3244691,297,Yodel,,3329,'2018-06-06 14:37:00'
3830991,302,Eimbee,,1843,'2018-06-26 19:13:21'
4648506,302,Miboo,15680.94,,'2018-06-12 20:06:25'
4223864,318,Avavee,,438,'2018-06-13 12:45:26'
4346309,319,Jabbertype,,3239,'2018-06-02 06:23:47'
8771028,319,Edgepulse,,3106,'2018-06-28 00:10:40'
1322247,319,Linktype,,4768,'2018-06-25 04:48:02'
9516917,324,Bluezoom,17272.11,,'2018-06-28 13:24:26'
8186330,330,Flipopia,,4386,'2018-06-28 03:04:36'
2609207,330,Topicstorm,,4381,'2018-06-08 20:37:45'
3878481,333,Zoombeat,,738,'2018-06-11 08:48:33'
2025442,341,Trilia,,4489,'2018-06-05 22:36:52'
3641030,347,Fivebridge,,2106,'2018-06-14 21:33:19'
6717725,347,Janyx,5916.66,,'2018-06-15 16:26:16'
1086485,355,Thoughtblab,,3996,'2018-06-14 00:06:54'
3399444,355,Zoomlounge,,787,'2018-06-13 13:04:14'
5059709,357,Brightdog,,129,'2018-06-15 08:31:36'
8911889,357,Skyba,,2671,'2018-06-01 11:56:12'
1347779,357,Realbuzz,,1852,'2018-06-25 01:17:31'
3994620,357,Bubblemix,4153.6,,'2018-06-29 17:49:10'
2080731,365,Tekfly,,3672,'2018-06-03 18:23:22'
3901240,365,Photofeed,,686,'2018-06-01 13:20:22'
5140613,365,Jazzy,,1019,'2018-06-09 16:08:07'
9827675,366,Vipe,8823.24,,'2018-06-12 02:47:17'
4453803,367,Photolist,,924,'2018-06-02 10:15:48'
5453367,367,Tambee,,1127,'2018-06-14 20:37:00'
8985296,380,Wordify,,156,'2018-06-26 12:39:36'
9909230,380,Blogpad,,4869,'2018-06-26 11:00:42'
2795139,388,Voolia,,899,'2018-06-10 12:42:51'
7884114,390,Tekfly,13992.77,,'2018-06-23 12:12:33'
6720510,390,Myworks,5069.5,,'2018-06-24 08:12:13'
9298337,390,Gigazoom,8942.21,,'2018-06-12 01:16:55'
3657380,394,Camido,4128.23,,'2018-06-22 19:36:50'
8267472,395,Snaptags,,2005,'2018-06-26 15:53:04'
3030300,396,Mymm,,2160,'2018-06-20 01:47:53'
6024192,403,Edgeify,,1545,'2018-06-12 10:54:54'
2462744,405,Skinix,,438,'2018-06-01 19:39:53'
7525020,405,Dabvine,,3312,'2018-06-01 06:36:15'
6469634,409,Trudeo,,591,'2018-06-28 05:50:05'
1428227,414,Centizu,,1935,'2018-06-02 19:26:36'
3924679,414,Photolist,,4923,'2018-06-12 10:15:55'
5601055,417,Yabox,21594.26,,'2018-06-29 14:14:52'
6335044,417,Vitz,,924,'2018-06-16 00:06:09'
7092571,420,Feedbug,,424,'2018-06-23 03:36:39'
7868043,424,Katz,,3084,'2018-06-22 11:53:41'
3136776,424,Kwimbee,,2256,'2018-06-14 19:36:36'
8770748,427,Trudeo,,2581,'2018-06-03 02:07:43'
2576101,431,InnoZ,15766.62,,'2018-06-06 03:01:21'
8702834,434,Photobug,,3493,'2018-06-24 10:42:00'
1144593,434,Rooxo,,4176,'2018-06-22 09:11:04'
8608635,434,Tazzy,20145.64,,'2018-06-06 23:44:22'
5448765,437,Twiyo,,3817,'2018-06-27 17:05:20'
4822848,444,Skyba,,4331,'2018-06-22 05:47:59'
9540813,444,Skinte,14898.09,,'2018-06-28 20:44:13'
8948223,444,Snaptags,,4209,'2018-06-13 11:01:07'
7750115,448,Meezzy,,1782,'2018-06-25 00:40:22'
5779905,448,Miboo,,2525,'2018-06-04 14:50:13'
4362446,453,Skibox,162.14,,'2018-06-18 20:56:27'
8111382,453,Buzzbean,,909,'2018-06-10 22:06:28'
9572836,454,Linklinks,,4035,'2018-06-28 09:18:45'
1109466,457,Realfire,,2223,'2018-06-09 06:52:12'
7691895,457,Mita,,1704,'2018-06-19 02:02:28'
8704811,462,Topiclounge,,1871,'2018-06-11 06:01:23'
9416664,462,Zoomcast,21551.18,,'2018-06-27 03:53:04'
6220018,462,Quimm,,3216,'2018-06-29 19:43:08'
9606414,466,Yozio,9693.37,,'2018-06-26 01:55:14'
2511499,469,Devify,,1840,'2018-06-03 00:47:19'
4344084,469,Viva,,4147,'2018-06-08 08:50:42'
5157969,469,Rhyzio,2290.65,,'2018-06-28 00:05:32'
7886636,471,Blogtags,,3064,'2018-06-14 23:25:25'
8150699,477,Cogilith,,4082,'2018-06-28 06:30:04'
4868151,477,Skaboo,5437.17,,'2018-06-22 13:12:31'
8184574,480,Blognation,,718,'2018-06-28 19:00:54'
4443258,480,Yodel,,4271,'2018-06-01 13:06:31'
1465927,480,Voonix,1802.29,,'2018-06-17 11:01:41'
4815192,482,Zoozzy,771.45,,'2018-06-06 11:36:21'
8983234,482,Voonix,,217,'2018-06-20 02:59:31'
8389987,484,Youspan,,1696,'2018-06-08 23:21:56'
6230791,492,Rhyloo,5744.65,,'2018-06-29 21:53:05'
4649151,496,Jabbersphere,,4156,'2018-06-14 15:53:51'
1648069,500,Jaxnation,9599.9,,'2018-06-16 04:49:06'
4043082,500,Thoughtstorm,,513,'2018-06-25 05:27:54'
6951882,501,Shuffletag,,2197,'2018-06-21 07:00:21'
4386848,502,Mynte,,419,'2018-06-03 08:51:26'
8015845,502,InnoZ,,751,'2018-06-13 21:56:06'
9955986,503,Oloo,,3141,'2018-06-19 09:33:23'
2057678,511,Yamia,,1577,'2018-06-12 08:15:06'
2775066,516,Zoomdog,,4298,'2018-06-28 09:33:16'
2650507,534,Buzzster,,4849,'2018-06-09 07:05:52'
4820755,534,Reallinks,,3089,'2018-06-07 22:05:08'
8842778,536,Kayveo,23531.89,,'2018-06-05 16:55:12'
4628352,539,Tazz,23333.78,,'2018-06-23 04:00:01'
9106232,539,Buzzdog,,4809,'2018-06-08 10:34:53'
7359754,545,Zooxo,,1068,'2018-06-08 00:30:34'
9941694,549,Devshare,,556,'2018-06-21 16:10:56'
7028553,549,Buzzdog,10801.06,,'2018-06-10 11:39:15'
3508865,551,Innotype,5571.56,,'2018-06-03 00:10:24'
8604714,551,Bluezoom,,1150,'2018-06-23 23:59:59'
3332914,552,Jabbercube,,2512,'2018-06-26 07:45:16'
1804495,552,Meevee,,3155,'2018-06-02 21:46:02'
9270982,553,Oodoo,,2699,'2018-06-29 14:11:12'
6500170,556,DabZ,,4551,'2018-06-05 16:25:23'
5147347,565,Skilith,,4066,'2018-06-28 05:20:42'
4972335,565,Aimbo,17603.26,,'2018-06-08 22:41:36'
6687189,568,Zoovu,,1868,'2018-06-23 02:35:42'
5098298,571,Trilia,21884.26,,'2018-06-05 21:13:52'
7475362,579,Kwimbee,22140.66,,'2018-06-08 06:52:30'
2472991,581,Jetpulse,,2508,'2018-06-20 04:37:35'
8701799,583,Myworks,15633.65,,'2018-06-08 13:18:00'
6750265,587,Photojam,,607,'2018-06-22 15:26:57'
6966710,590,Skiptube,,3929,'2018-06-20 04:25:55'
6498623,590,Aibox,,3931,'2018-06-18 06:39:15'
2896380,590,Zoombox,,4601,'2018-06-22 19:10:46'
4521952,590,Twitterbeat,,4963,'2018-06-04 23:23:23'
6759435,591,Flashpoint,458.15,,'2018-06-17 13:31:45'
9501001,592,Blogtags,,2961,'2018-06-07 03:25:28'
9776772,594,Layo,13931.12,,'2018-06-22 01:55:40'
3791891,603,Flashspan,,3403,'2018-06-09 11:51:06'
9482008,604,Camido,24174.58,,'2018-06-23 02:21:49'
1211588,607,Linktype,,3720,'2018-06-08 07:37:55'
3832963,607,Yadel,,219,'2018-06-25 07:33:54'
1790395,609,Yadel,,300,'2018-06-01 18:43:08'
4943099,617,Innojam,,2678,'2018-06-04 15:56:48'
7955233,617,Buzzster,,3150,'2018-06-25 23:57:09'
7505556,622,Yoveo,,2885,'2018-06-04 23:39:22'
6369218,622,Realbuzz,,71,'2018-06-27 21:12:20'
2137675,637,Meetz,12409.76,,'2018-06-04 07:42:28'
3322779,637,Jaxbean,15025.01,,'2018-06-02 20:47:40'
4572024,640,Izio,,150,'2018-06-13 04:06:41'
1347695,657,Oyoba,,1584,'2018-06-11 20:24:03'
5915987,663,Devbug,,765,'2018-06-07 09:41:33'
2951788,667,Feedfish,,2916,'2018-06-13 22:34:54'
8040891,667,Gabtype,21165.48,,'2018-06-13 08:39:56'
5521126,672,Mydo,,732,'2018-06-25 04:15:47'
7001228,679,Zava,17137.46,,'2018-06-14 09:36:16'
7820743,679,Twitterwire,,2787,'2018-06-08 18:11:28'
3682559,679,Oyonder,2819.94,,'2018-06-26 09:00:59'
2861073,682,Aimbo,,4209,'2018-06-28 22:28:42'
8606613,689,Jamia,,3056,'2018-06-26 19:30:16'
9912663,695,Topicstorm,,1712,'2018-06-24 23:18:32'
7326181,695,Ozu,,945,'2018-06-04 16:15:02'
9116021,695,Nlounge,,4195,'2018-06-08 10:01:44'
6546827,695,Twitterlist,4490.3,,'2018-06-13 09:48:03'
5803175,704,Oyoba,,3685,'2018-06-13 01:52:35'
4229491,706,LiveZ,1009.04,,'2018-06-05 05:59:53'
3801773,708,Kwilith,,1328,'2018-06-15 19:48:09'
5855348,712,LiveZ,10834.42,,'2018-06-09 03:27:38'
9131300,712,Meetz,6856.41,,'2018-06-05 05:21:00'
8396861,716,Realpoint,9521.04,,'2018-06-14 18:44:20'
6073748,716,Dabjam,,4832,'2018-06-02 06:30:12'
4924322,719,Flipbug,2509.06,,'2018-06-23 09:45:23'
7871108,719,Aibox,,2107,'2018-06-12 06:33:51'
5510860,720,Quire,,3534,'2018-06-12 16:34:35'
9559037,720,Twinder,,4981,'2018-06-23 10:35:59'
7206725,720,Quire,,2164,'2018-06-20 07:39:51'
7687960,721,Yozio,17603.88,,'2018-06-19 10:46:09'
2409483,721,Tazzy,,2000,'2018-06-05 12:43:45'
8655176,722,Roomm,,4968,'2018-06-19 01:22:26'
1460017,725,Tagpad,,4545,'2018-06-29 12:12:27'
9934282,725,Podcat,10443.4,,'2018-06-23 22:43:32'
9941439,730,Browsetype,15375.07,,'2018-06-20 20:20:14'
9266427,730,Yata,21157.09,,'2018-06-29 06:43:32'
1101219,733,Tagchat,,1681,'2018-06-02 20:23:35'
8290253,734,Divanoodle,,3441,'2018-06-01 00:02:26'
6960645,737,Edgeify,,911,'2018-06-19 14:01:19'
5259835,737,Jazzy,,4267,'2018-06-28 10:25:37'
8239733,737,Devify,,1814,'2018-06-04 13:16:56'
1641187,742,Meejo,,1497,'2018-06-27 05:13:15'
7754891,750,Photospace,,3134,'2018-06-02 09:36:28'
7692951,752,Blognation,,1642,'2018-06-28 14:18:45'
4115669,753,Meetz,304.66,,'2018-06-10 19:06:15'
7600220,753,InnoZ,12916.91,,'2018-06-09 12:15:19'
2352997,756,JumpXS,12131,,'2018-06-04 01:22:22'
8114655,756,InnoZ,,1217,'2018-06-13 22:33:44'
4826046,763,Mynte,,1269,'2018-06-06 20:02:58'
4765349,763,Jetwire,14371.36,,'2018-06-29 02:22:03'
8883275,763,Devify,22044.25,,'2018-06-08 08:28:19'
3697100,778,Nlounge,,834,'2018-06-17 17:14:53'
2739255,792,Gabcube,,1895,'2018-06-18 17:37:00'
9954835,792,Livepath,4307.63,,'2018-06-23 22:45:17'
6636775,793,Skyble,,1562,'2018-06-01 00:49:34'
7175797,795,Trudeo,,3081,'2018-06-01 13:12:36'
3134129,808,Shuffledrive,20855.79,,'2018-06-09 11:12:22'
9684903,808,Bubblebox,,2260,'2018-06-25 09:36:37'
6798225,809,Blogspan,,1644,'2018-06-26 07:07:23'
1539425,809,Blogtags,,1749,'2018-06-03 16:40:39'
9514236,812,Blogspan,,4305,'2018-06-19 22:27:41'
4082316,814,Dabfeed,,4103,'2018-06-11 03:16:16'
1988467,823,Realmix,,1335,'2018-06-06 18:31:29'
7876733,827,Thoughtstorm,6233.8,,'2018-06-11 13:14:29'
6734171,827,Twinder,,4042,'2018-06-16 21:54:55'
4855101,829,Yamia,,4771,'2018-06-12 09:58:28'
6986193,829,Katz,7215.4,,'2018-06-22 10:04:41'
2104252,832,Avavee,,276,'2018-06-23 22:46:41'
7014159,834,Wikivu,,44,'2018-06-07 18:27:44'
1652823,834,Demizz,,3125,'2018-06-13 22:12:46'
2524540,834,Thoughtstorm,,4794,'2018-06-12 22:42:35'
6486060,834,Skyba,,4153,'2018-06-16 18:14:48'
8113970,835,Jaxnation,,3308,'2018-06-07 22:47:35'
5611884,835,Thoughtstorm,,1529,'2018-06-05 20:06:32'
7828643,837,Skimia,,2100,'2018-06-05 01:27:27'
1556721,840,DabZ,,3382,'2018-06-04 00:25:11'
9710732,847,Quimba,,509,'2018-06-28 11:18:35'
3146842,847,Topicstorm,,4558,'2018-06-14 11:54:41'
6381047,850,Twimm,,623,'2018-06-09 19:10:32'
2559077,851,Wordtune,,2057,'2018-06-10 03:20:06'
4754001,851,Vimbo,,3608,'2018-06-02 09:21:25'
9727497,852,Yacero,,3758,'2018-06-18 14:58:11'
6027811,852,Devpoint,1576.72,,'2018-06-16 03:38:53'
8503482,856,Mynte,,268,'2018-06-18 09:23:40'
9626666,857,Flashdog,,1507,'2018-06-28 17:01:49'
5872359,859,Babblestorm,,615,'2018-06-29 17:50:08'
6831003,867,Meedoo,,366,'2018-06-22 02:12:45'
4113092,877,Quimba,,4025,'2018-06-20 22:37:36'
5521996,879,Quimm,,4913,'2018-06-12 14:51:11'
5666683,880,Demizz,,1009,'2018-06-24 20:18:23'
6804188,880,Feedfish,,3947,'2018-06-13 12:05:44'
2320531,884,Wordtune,,245,'2018-06-01 23:07:48'
8228364,884,Livetube,16946.39,,'2018-06-15 04:10:08'
3304828,886,Eadel,,4900,'2018-06-20 14:58:34'
3805633,886,Cogibox,,4706,'2018-06-15 10:47:30'
2030715,891,Demimbu,,1718,'2018-06-24 15:01:31'
9890420,891,Jaxworks,,3977,'2018-06-12 01:54:45'
9321171,892,Avamm,,2815,'2018-06-14 02:34:37'
7814620,892,Eimbee,10285.95,,'2018-06-17 19:12:03'
3009671,893,Oyope,,2589,'2018-06-20 17:45:56'
3529472,896,Browsetype,,1492,'2018-06-03 03:30:32'
4960829,900,Flipstorm,,2967,'2018-06-06 15:09:22'
8582203,907,Quamba,,560,'2018-06-20 06:45:19'
1549670,907,Tagfeed,,4234,'2018-06-09 05:08:01'
4921066,907,Oba,17813.7,,'2018-06-02 02:36:26'
9805766,912,Quinu,14962.9,,'2018-06-12 20:47:01'
9064401,912,Bluezoom,5797.22,,'2018-06-16 01:12:39'
2678630,916,Shuffledrive,,3682,'2018-06-23 01:10:05'
7445018,916,Shufflebeat,,4714,'2018-06-29 15:03:37'
5375792,919,Kaymbo,11338.99,,'2018-06-21 00:35:12'
7356946,919,Viva,,402,'2018-06-05 12:57:33'
2998559,920,Youfeed,,830,'2018-06-22 14:34:10'
5940831,920,Photojam,,2689,'2018-06-03 23:18:28'
8456468,923,Quatz,,4004,'2018-06-20 05:46:40'
8561096,928,Twitterbridge,,1024,'2018-06-07 13:08:45'
6868938,932,Avamba,,3492,'2018-06-26 02:07:42'
6037987,932,Buzzshare,,48,'2018-06-15 15:01:47'
6399587,935,Lazzy,22814.96,,'2018-06-20 00:06:27'
8909864,940,Yombu,,3644,'2018-06-11 19:46:57'
1645900,940,Rhycero,,2606,'2018-06-18 13:57:27'
2318297,944,Katz,,4595,'2018-06-24 16:18:08'
3977036,951,Meejo,,3507,'2018-06-15 17:51:39'
7633774,952,Rhynoodle,,47,'2018-06-11 16:14:38'
4791760,952,Edgetag,,978,'2018-06-09 18:55:57'
9836904,959,Photolist,,3308,'2018-06-07 17:06:34'
2530520,959,Divavu,,201,'2018-06-21 05:32:30'
2667307,960,Shuffletag,5662.65,,'2018-06-04 21:56:11'
1946164,961,Podcat,9809.27,,'2018-06-10 15:57:55'
8684433,961,Gevee,,3721,'2018-06-10 20:59:42'
3519773,961,Dabjam,10952.72,,'2018-06-08 16:41:15'
9700330,966,Devify,19769,,'2018-06-21 14:10:36'
4495086,966,Quatz,,2300,'2018-06-21 03:19:34'
7057055,967,Oyoyo,,3637,'2018-06-20 09:43:49'
5627351,967,Skiba,,3562,'2018-06-21 04:25:52'
6684948,969,Youfeed,,3701,'2018-06-14 13:24:33'
2591199,972,Zoonoodle,,585,'2018-06-09 00:23:17'
7372062,978,Wordpedia,,2971,'2018-06-02 13:02:48'
3064763,978,Eire,14756.92,,'2018-06-05 20:07:33'
7336984,980,Flipstorm,,3455,'2018-06-02 12:46:04'
8815320,983,Thoughtbeat,,1589,'2018-06-26 23:48:28'
9767537,984,Minyx,,4674,'2018-06-10 05:15:53'
3813392,984,InnoZ,23806.91,,'2018-06-27 18:50:42'
1685244,984,Eimbee,,888,'2018-06-16 13:33:59'
4373056,991,Blognation,18707.04,,'2018-06-03 12:38:11'
7809888,991,Quatz,,3196,'2018-06-25 22:41:33'
9786667,997,Meeveo,,2262,'2018-06-22 23:38:28'
9686739,997,Meeveo,,3638,'2018-06-18 00:19:16'
5267679,997,Linkbridge,,547,'2018-06-06 13:35:20'
